age,monthly_usage,purchase_amount,service_calls,region,churn
53,15.9,132.72,0,East,0
36,36.5,19.17,5,South,1
32,17.6,73.87,1,South,1
63,22.3,54.65,3,East,1
37,24.7,89.17,4,North,1
49,15.8,65.0,2,South,0
29,26.7,79.18,1,West,0
43,16.7,150.88,0,South,0
48,17.9,79.06,3,East,1
54,35.6,99.48,4,South,0
48,11.6,76.87,2,North,1
38,1.0,87.65,3,South,1
73,38.1,85.21,1,West,0
47,47.5,100.69,0,West,0
64,17.9,125.79,1,South,1
60,2.6,142.66,1,North,0
50,18.9,95.84,2,North,1
69,19.1,105.63,4,West,1
25,20.1,44.72,4,West,1
71,10.9,81.92,0,South,0
67,27.8,117.91,2,East,1
47,27.2,115.31,4,North,1
60,7.1,92.41,3,East,1
48,29.0,116.02,2,East,0
33,42.5,102.18,6,West,0
64,23.7,127.01,3,South,1
32,18.6,95.13,4,South,1
36,20.6,72.55,2,West,1
48,28.2,96.75,0,East,1
66,4.7,5.0,3,North,1
40,23.6,98.4,1,East,0
46,18.1,5.0,3,North,0
20,40.5,24.68,3,East,1
24,20.3,100.81,2,West,1
21,38.7,101.71,1,East,0
22,11.0,44.31,1,North,1
68,27.9,60.08,4,West,0
66,25.2,132.97,4,South,1
65,13.3,68.06,0,West,0
21,23.8,163.5,3,West,0
22,34.1,84.93,3,North,0
34,18.8,99.28,2,North,1
50,5.1,141.59,0,East,1
37,21.8,89.59,1,East,0
46,13.0,49.92,3,West,1
28,18.6,81.16,1,North,1
60,21.2,83.75,2,East,1
36,4.9,37.23,2,West,1
21,5.8,76.05,6,East,1
61,26.8,59.02,6,South,1
70,16.8,117.35,2,East,1
18,1.0,86.21,1,South,1
43,29.8,75.1,0,East,1
65,24.7,81.28,4,West,0
58,14.9,92.81,1,East,1
67,8.8,106.59,2,East,1
42,30.4,50.01,3,West,1
39,25.5,48.54,1,North,1
59,45.8,123.66,1,East,0
26,26.2,70.57,3,North,0
31,25.9,35.41,5,East,1
52,20.3,100.53,1,East,1
56,30.2,101.22,4,East,1
24,28.3,31.42,3,West,1
47,34.5,93.03,2,North,1
39,16.8,110.75,2,West,1
47,17.6,98.1,2,North,1
73,17.2,107.12,3,South,1
22,29.9,35.85,1,South,0
75,37.0,96.59,1,East,0
44,17.4,74.41,1,East,1
62,17.8,68.1,4,South,1
42,25.1,115.47,4,East,1
36,19.5,136.77,3,East,0
62,31.5,147.8,3,South,1
57,1.0,131.02,4,South,1
26,13.7,81.16,1,South,0
58,14.2,97.35,1,West,0
61,1.0,111.84,3,South,1
40,12.4,89.24,2,West,1
71,12.8,89.58,3,North,1
55,20.0,113.83,1,South,1
37,33.1,82.93,2,North,1
18,19.5,59.47,1,South,0
57,11.7,70.49,0,East,0
30,21.4,107.19,2,East,0
61,32.5,85.1,4,East,1
48,12.2,96.91,2,East,1
45,12.9,108.45,1,North,1
27,27.6,71.88,1,East,0
59,19.8,111.47,2,North,1
27,28.5,98.26,0,East,0
42,21.9,41.78,1,East,0
66,29.0,135.48,1,West,0
71,11.6,67.47,6,North,1
75,21.9,27.07,4,South,1
73,19.9,48.42,0,South,1
50,9.8,49.26,2,East,0
29,6.4,86.83,3,East,1
66,28.9,75.42,4,North,1
64,18.5,73.21,2,North,1
75,11.8,106.69,3,West,1
55,21.0,96.9,2,North,0
26,33.3,96.06,1,West,1
47,1.0,99.34,4,West,1
43,7.0,106.56,2,North,1
66,12.8,11.22,1,West,1
40,36.6,72.24,2,East,1
37,24.8,8.69,2,North,0
22,29.7,86.26,2,North,0
66,10.6,84.84,4,East,1
61,10.8,121.59,0,West,0
20,26.5,126.57,2,South,1
43,22.6,92.1,1,South,0
45,27.5,67.49,1,South,1
45,20.1,101.98,2,North,1
71,24.8,66.52,1,East,1
26,23.6,84.95,3,South,1
35,29.8,119.51,3,East,0
28,30.1,65.48,3,West,1
32,5.8,113.2,0,South,1
70,1.0,108.71,1,East,1
72,32.0,51.58,1,South,0
20,33.9,119.09,4,East,1
54,11.8,109.45,1,South,0
31,3.4,88.57,0,North,0
29,23.0,58.32,2,East,0
34,31.3,54.93,2,East,0
29,40.0,66.18,1,South,0
46,27.2,103.99,3,West,0
75,18.3,51.55,2,East,1
52,13.1,100.31,3,East,1
59,22.1,41.54,0,North,1
46,19.0,77.86,5,East,0
18,11.8,88.84,3,North,1
22,42.5,170.58,0,East,0
33,39.9,36.79,1,West,0
32,33.4,136.52,2,West,0
66,12.8,90.24,3,North,1
66,30.6,99.39,2,East,1
67,28.4,89.14,6,East,1
54,26.4,100.57,2,North,1
50,34.5,79.62,2,East,0
55,28.4,135.89,4,East,1
41,29.4,69.02,3,West,0
56,28.4,124.63,1,East,1
64,25.4,62.45,2,North,1
62,4.2,82.89,1,North,1
53,22.8,47.48,2,South,1
21,16.4,100.93,2,South,1
60,9.2,135.58,3,West,1
39,38.8,82.29,2,East,0
61,39.3,78.11,2,East,1
49,35.6,45.99,0,North,0
69,24.6,76.97,5,East,1
37,35.5,29.25,2,South,1
72,22.1,53.05,4,East,1
66,24.0,92.94,4,North,0
37,11.1,131.17,1,West,0
45,26.0,183.32,0,South,0
48,22.6,64.47,0,South,0
62,9.0,135.24,1,South,1
57,21.5,93.53,0,East,1
67,21.2,79.71,5,West,0
39,40.0,100.14,3,North,0
47,30.9,87.17,1,East,0
42,22.1,88.86,2,South,0
70,24.5,70.71,2,North,0
35,22.4,36.07,2,North,1
52,20.0,30.97,2,South,1
24,11.2,107.86,3,South,1
67,20.5,75.32,2,East,0
40,14.5,64.14,2,West,1
37,9.5,85.3,3,West,1
51,27.1,112.82,2,East,1
46,25.9,91.31,1,North,1
67,4.1,62.04,3,West,1
48,20.8,127.92,3,West,1
47,32.0,140.27,4,North,0
24,32.6,102.31,0,South,1
19,32.3,119.08,3,West,1
41,22.4,128.47,3,North,0
75,13.5,124.55,1,West,0
71,11.2,106.49,0,North,1
54,25.4,105.94,3,South,1
54,25.8,103.19,1,South,0
40,34.9,46.59,2,North,1
28,33.0,109.53,2,North,0
18,20.7,37.55,3,South,0
37,9.6,57.19,4,North,1
36,18.8,130.62,1,East,0
29,24.2,114.41,7,South,1
33,20.0,137.06,2,North,0
19,16.2,75.49,5,South,1
53,24.5,44.67,2,North,1
71,17.0,76.58,2,South,1
58,15.7,88.57,2,West,1
43,25.1,87.76,0,West,1
42,18.0,124.68,2,West,1
35,24.4,72.36,2,North,0
26,24.7,97.32,0,North,1
52,10.6,50.4,1,West,0
50,17.2,100.76,2,West,0
18,36.4,85.11,0,South,0
42,10.4,58.76,1,South,1
34,1.0,76.75,1,North,1
27,3.4,78.55,2,East,1
58,22.3,75.54,0,East,1
48,22.3,147.0,2,West,0
54,20.8,81.55,2,West,0
59,34.1,76.46,1,South,0
74,1.0,11.59,4,East,1
64,26.0,53.7,2,North,1
53,37.6,75.79,1,North,0
68,10.7,61.0,2,East,1
45,18.2,133.36,3,West,1
75,14.5,79.23,2,North,1
62,13.1,130.1,2,West,1
55,18.7,87.16,0,East,0
70,36.3,86.3,1,South,1
47,40.4,81.89,1,North,0
59,18.6,85.13,4,South,1
34,41.1,145.16,2,West,0
73,22.4,5.0,5,West,1
54,39.5,14.95,3,East,1
63,21.1,65.99,1,East,0
44,23.3,85.51,1,West,1
68,25.7,109.15,4,South,1
22,53.8,101.56,3,West,0
24,30.5,71.55,1,North,0
47,14.9,120.67,3,North,1
60,31.7,121.06,2,North,0
64,18.4,91.44,3,West,1
43,17.1,118.69,2,East,0
55,31.1,94.54,2,North,1
50,22.3,65.35,2,East,0
73,24.8,109.42,3,North,1
55,22.1,88.87,3,West,1
42,25.4,85.05,2,West,1
74,26.2,136.55,1,North,0
24,2.6,5.0,0,North,1
75,28.7,35.38,1,West,0
26,12.2,43.45,2,South,0
34,7.6,72.29,1,West,1
65,21.4,76.09,3,South,1
60,22.8,32.24,0,North,0
74,15.1,50.52,1,South,0
61,30.3,54.87,2,South,1
54,8.6,171.01,2,East,0
38,17.9,148.06,2,South,1
18,16.2,70.59,0,West,1
25,21.5,72.27,2,East,1
35,24.8,44.78,2,West,0
20,11.9,18.22,4,East,1
47,29.2,80.91,2,South,0
63,22.6,50.08,2,East,1
73,3.1,82.03,2,West,1
46,2.4,28.99,3,East,1
68,21.9,58.33,0,South,1
75,19.8,90.2,2,North,1
67,21.0,97.82,0,North,0
44,21.7,99.61,4,East,1
36,24.3,38.78,3,East,1
74,31.5,114.91,4,North,0
32,10.9,56.99,1,North,0
41,10.3,107.15,1,South,0
22,11.1,84.63,1,North,1
64,24.9,36.83,2,South,1
55,34.4,73.93,2,South,0
22,17.7,97.79,3,West,1
30,1.0,106.45,2,East,1
50,5.0,80.07,1,East,0
49,13.7,138.61,2,West,0
64,16.4,120.26,6,West,1
33,17.9,76.02,1,South,0
71,22.4,111.25,1,East,0
43,18.9,152.68,1,West,1
65,32.5,153.62,2,East,0
31,15.2,42.02,0,East,1
20,13.4,52.57,1,West,1
21,26.8,136.97,0,West,0
39,6.6,47.96,1,South,1
73,25.9,38.71,2,South,1
20,23.0,67.98,1,East,1
39,20.5,99.71,0,North,1
24,37.9,81.42,4,South,1
72,15.8,62.23,2,South,1
57,42.6,61.4,6,West,1
62,19.7,60.07,1,South,1
59,9.2,54.22,2,West,1
56,22.7,164.86,1,West,1
62,11.2,95.41,4,East,1
18,14.5,116.04,1,North,1
68,26.0,67.88,0,West,1
60,27.6,78.49,1,East,1
60,15.8,60.03,3,East,1
40,31.9,5.0,2,East,0
64,33.6,36.77,2,South,1
40,36.4,21.63,1,East,0
20,27.3,6.26,2,West,1
