annual_spending,purchase_frequency,age,region,cluster
302.71,1.0,37,South,0
321.67,1.6,73,West,2
466.31,5.4,75,North,2
708.92,3.6,62,West,2
1315.03,9.9,44,East,0
2457.85,15.5,68,North,1
1513.18,10.5,60,South,2
1419.09,8.1,48,South,0
994.47,6.3,43,South,0
1001.22,9.8,66,West,2
369.93,3.5,50,West,2
2395.95,18.5,28,South,1
369.71,1.0,75,South,2
1102.83,7.2,21,East,0
2578.68,20.9,58,West,1
1052.19,8.9,56,North,2
2653.04,18.0,51,West,1
218.89,3.3,21,West,0
3321.63,19.1,46,South,1
1743.8,7.1,69,East,2
2941.6,13.4,31,West,1
1136.19,12.6,58,North,2
2780.59,15.1,67,East,1
2769.63,16.1,73,North,1
1295.76,9.1,47,South,0
2246.86,17.5,36,West,1
1014.03,8.0,58,North,2
1388.99,8.0,46,South,0
2826.66,16.6,54,East,1
595.57,4.6,61,South,2
1369.55,10.4,59,East,2
523.99,4.4,32,East,0
433.87,2.6,61,South,2
2543.4,24.6,49,North,1
484.6,3.6,71,South,2
629.45,3.9,56,South,2
461.31,1.8,69,North,2
1097.39,8.4,74,West,2
2490.4,17.5,75,East,1
2657.93,17.9,61,South,1
559.77,2.7,52,North,2
1096.42,11.0,24,East,0
1362.65,3.7,40,East,0
944.42,7.3,45,South,0
1000.82,9.3,63,West,2
567.93,3.7,52,West,2
1413.27,9.8,43,South,0
1472.4,9.5,26,East,0
1053.69,8.4,59,South,2
1406.22,7.9,43,North,0
2460.88,16.4,20,South,1
1601.77,11.3,34,North,0
686.31,1.0,69,South,2
2513.61,20.6,24,South,1
2770.8,20.1,41,West,1
399.06,3.8,47,South,2
1330.09,8.4,22,North,0
229.7,4.0,27,West,0
1085.11,11.5,72,West,2
332.49,3.1,52,East,2
1431.58,8.6,30,West,0
287.09,3.5,27,East,0
1209.82,8.5,42,South,0
2689.82,15.5,59,East,1
679.4,3.3,60,West,2
2788.76,17.7,29,East,1
2279.03,11.4,60,West,1
2622.73,17.3,69,South,1
348.37,5.0,31,West,0
2888.98,17.5,19,South,1
165.74,3.7,73,East,2
467.55,2.4,48,West,2
1653.66,15.5,63,North,1
1053.31,10.2,36,East,0
1166.29,8.7,35,South,0
325.31,1.0,31,North,0
2657.96,16.5,30,South,1
1273.38,6.2,45,East,0
1240.81,8.8,24,West,0
2675.43,18.2,66,West,1
621.12,5.2,47,East,2
449.71,3.1,71,East,2
1322.46,4.3,47,South,0
2610.5,15.5,35,East,1
471.25,5.2,47,South,2
390.42,4.2,26,West,0
400.13,2.9,65,East,2
2510.69,24.8,59,South,1
513.24,1.9,26,West,0
1211.4,6.3,51,East,2
2395.64,14.4,49,South,1
350.66,1.0,29,North,0
952.52,5.3,25,South,0
1478.47,6.7,62,North,2
2502.27,20.5,33,South,1
320.58,3.5,48,South,2
1633.88,9.8,32,South,0
365.93,3.5,55,West,2
1866.99,10.4,20,North,0
3257.43,15.7,38,West,1
369.44,4.6,49,West,2
388.67,2.9,43,East,0
2749.14,20.3,53,North,1
621.39,3.1,28,East,0
453.01,1.6,43,South,0
1590.88,9.6,61,East,2
531.58,3.9,37,North,0
377.25,4.1,27,South,0
1000.02,6.9,67,South,2
449.83,2.0,63,West,2
1170.51,6.6,57,North,2
1066.19,6.4,64,West,2
1029.18,9.8,63,North,2
686.39,2.6,61,East,2
2508.92,20.9,47,South,1
297.04,3.4,19,South,0
2426.98,15.8,52,South,1
341.7,1.0,33,South,0
2888.73,20.2,62,East,1
259.06,2.9,45,North,2
353.33,2.0,70,West,2
1058.13,7.5,52,North,2
584.78,1.0,49,West,2
570.11,5.1,71,North,2
1063.68,8.2,45,South,0
2772.7,17.4,39,North,1
403.25,3.1,39,South,0
1831.69,21.1,68,West,1
1892.14,15.7,61,South,1
2645.29,19.0,27,North,1
1208.65,6.9,46,North,0
1370.9,10.3,39,South,0
812.52,5.8,55,North,2
1389.88,6.3,21,East,0
2930.55,18.6,59,North,1
389.81,1.6,61,North,2
337.39,3.0,31,South,0
696.4,3.0,26,East,0
2559.63,28.4,54,North,1
1043.35,6.0,32,North,0
1324.28,8.5,72,West,2
3585.06,22.3,62,West,1
2731.34,12.5,73,West,1
690.01,3.0,49,North,2
2783.78,24.0,72,East,1
3257.0,17.7,18,South,1
625.39,3.2,34,North,0
2038.23,16.8,18,West,1
563.23,3.8,57,West,2
1218.98,8.0,47,East,0
940.27,6.4,34,South,0
130.77,1.0,35,West,0
297.28,6.0,55,West,2
529.68,1.4,28,West,0
467.07,3.9,47,East,2
1425.45,9.4,53,South,2
742.64,3.1,31,North,0
259.64,2.1,31,East,0
1455.97,8.4,38,West,0
1132.64,6.8,52,East,2
1442.99,10.3,32,North,0
2987.1,17.3,39,East,1
210.01,3.4,49,North,2
2452.53,14.6,28,South,1
347.76,3.6,50,West,2
1424.59,6.1,26,East,0
2586.79,19.5,26,West,1
2046.54,21.2,31,North,1
1186.47,10.5,34,East,0
1354.91,9.7,19,East,0
362.4,1.0,73,West,2
1423.73,9.8,35,West,0
2303.86,16.5,64,East,1
2682.71,19.2,70,North,1
1465.82,9.9,64,West,2
358.49,1.4,66,West,2
1420.4,12.0,23,East,0
436.54,2.9,39,North,0
681.78,1.7,61,East,2
420.66,1.9,51,East,2
794.29,10.4,18,West,0
251.8,3.8,50,North,2
382.94,2.7,64,South,2
481.58,2.7,66,South,2
1936.41,16.9,40,North,1
1335.43,8.9,31,North,0
657.56,2.6,35,East,0
546.11,3.7,35,West,0
1532.17,13.8,38,East,0
441.14,2.8,35,North,0
1391.35,8.2,44,North,0
1093.36,9.1,20,South,0
2813.76,15.5,33,South,1
268.49,4.2,36,West,0
1363.08,11.0,26,West,0
572.92,3.7,68,East,2
2606.44,19.0,57,South,1
2425.37,15.6,70,South,1
1012.41,11.7,50,West,2
1257.1,10.0,24,West,0
217.83,4.4,70,North,2
2906.02,22.2,44,North,1
1274.13,7.4,57,South,2
153.95,3.3,40,South,0
903.03,6.9,46,West,2
1391.92,7.8,46,West,0
2516.96,17.0,34,North,1
1452.86,5.9,50,North,2
1190.16,9.4,60,South,2
890.86,9.5,19,North,0
467.8,2.4,25,North,0
598.09,3.1,66,East,2
364.99,2.3,51,West,2
2951.22,21.6,74,South,1
1561.75,8.5,53,South,2
1007.16,10.5,55,West,2
143.29,2.3,70,North,2
266.19,1.0,56,East,2
959.72,8.5,37,East,0
510.29,1.0,48,South,2
335.67,3.9,31,South,0
2656.53,15.9,37,West,1
451.99,2.4,57,East,2
560.36,1.0,26,South,0
1191.44,9.9,56,South,2
2791.06,16.0,51,West,1
490.94,4.9,35,South,0
2778.75,21.5,20,East,1
2112.16,20.1,58,North,1
1160.95,8.4,65,West,2
1117.02,7.6,60,North,2
778.3,10.2,42,North,0
950.96,7.6,55,North,2
1411.44,11.0,42,South,0
735.81,8.5,38,South,0
324.77,3.6,36,South,0
439.2,1.0,30,North,0
1583.6,9.5,74,South,2
432.15,4.1,56,North,2
1077.42,9.5,28,North,0
