actual_churn,predicted_churn,churn_probability
1,1,0.6637913594648174
0,1,0.5632837310857942
0,1,0.7186024277198788
0,0,0.2560069872869704
0,0,0.13055760569222466
0,1,0.52034903681576
1,1,0.5616448053497751
0,0,0.38032244404387927
1,0,0.39516784154449425
0,0,0.4187280336260618
1,1,0.905281129890339
1,0,0.3249178832634932
1,1,0.6718658682829196
1,1,0.6282737002454633
1,1,0.7084652861421734
1,1,0.8227361790061407
1,1,0.7893886545566459
1,1,0.5606630603819716
1,1,0.590226503446962
1,1,0.7760858232781731
1,1,0.916797764012664
0,1,0.7911541531095599
1,1,0.6910589966014917
0,1,0.6916719645974926
1,1,0.8489305903878344
0,1,0.8904538404120014
0,1,0.5061931342736757
1,1,0.683380818344431
0,1,0.8368616760557361
1,1,0.8643359059580575
0,1,0.5739507704831596
1,1,0.6741239391451905
1,1,0.6692313788533439
0,0,0.41742062807368135
0,0,0.21691306440472524
1,1,0.8555944268667826
1,1,0.8769940718515187
1,1,0.7759930881926737
1,1,0.7221131309515892
1,1,0.8266063779935909
0,1,0.6345640902347687
1,1,0.7981596322099971
1,1,0.7303469659406902
1,0,0.3431445712858337
1,1,0.7869609539324096
0,0,0.41665701238569297
1,0,0.362747708499353
0,1,0.6950118703776001
1,1,0.7874269662291784
0,0,0.3288938751792602
1,1,0.7985085426348312
1,1,0.5908011563497804
1,1,0.7129939805663084
0,1,0.6383934780939554
1,1,0.8220301745406382
1,1,0.8965146442349771
1,0,0.45766583468783306
0,1,0.78659257745877
0,0,0.42453362495517105
1,1,0.9690316219091468
