month,demand
2023-01-01,101.1
2023-02-01,108.8
2023-03-01,118.5
2023-04-01,122.1
2023-05-01,122.7
2023-06-01,117.8
2023-07-01,126.5
2023-08-01,109.7
2023-09-01,115.7
2023-10-01,113.4
2023-11-01,128.4
2023-12-01,122.5
2024-01-01,132.3
2024-02-01,140.2
2024-03-01,154.0
2024-04-01,150.1
2024-05-01,156.0
2024-06-01,146.2
2024-07-01,155.2
2024-08-01,148.5
2024-09-01,142.2
2024-10-01,156.4
2024-11-01,149.1
2024-12-01,167.0
2025-01-01,168.5
2025-02-01,189.0
2025-03-01,192.1
2025-04-01,188.0
2025-05-01,189.8
2025-06-01,196.0
2025-07-01,188.7
2025-08-01,186.2
2025-09-01,192.0
2025-10-01,183.3
2025-11-01,192.1
2025-12-01,203.8
2026-01-01,212.0
2026-02-01,216.2
2026-03-01,222.9
2026-04-01,220.3
2026-05-01,225.1
2026-06-01,230.6
2026-07-01,225.3
2026-08-01,223.4
2026-09-01,226.8
2026-10-01,217.1
2026-11-01,226.4
2026-12-01,235.9
2027-01-01,240.5
2027-02-01,260.2
2027-03-01,264.9
2027-04-01,266.5
2027-05-01,275.4
2027-06-01,257.5
2027-07-01,262.0
2027-08-01,260.8
2027-09-01,253.0
2027-10-01,260.5
2027-11-01,258.1
2027-12-01,274.5
2028-01-01,285.3
2028-02-01,290.4
2028-03-01,287.1
2028-04-01,296.2
2028-05-01,305.2
2028-06-01,301.1
2028-07-01,284.5
2028-08-01,301.2
2028-09-01,294.3
2028-10-01,290.9
2028-11-01,304.6
2028-12-01,303.6
2029-01-01,312.6
2029-02-01,326.8
2029-03-01,341.3
2029-04-01,345.1
2029-05-01,340.2
2029-06-01,339.3
2029-07-01,338.0
2029-08-01,324.7
2029-09-01,332.8
2029-10-01,327.3
2029-11-01,337.2
2029-12-01,341.9
2030-01-01,354.5
2030-02-01,361.6
2030-03-01,353.0
2030-04-01,373.9
2030-05-01,377.6
2030-06-01,375.2
2030-07-01,369.5
2030-08-01,375.2
2030-09-01,367.2
2030-10-01,369.2
2030-11-01,376.8
2030-12-01,380.8
2031-01-01,383.5
2031-02-01,384.8
2031-03-01,402.0
2031-04-01,412.8
2031-05-01,408.6
2031-06-01,413.0
2031-07-01,406.7
2031-08-01,409.4
2031-09-01,400.1
2031-10-01,405.3
2031-11-01,410.1
2031-12-01,422.5
2032-01-01,415.5
2032-02-01,430.7
2032-03-01,444.6
2032-04-01,452.7
2032-05-01,447.6
2032-06-01,443.5
2032-07-01,445.8
2032-08-01,443.3
2032-09-01,435.8
2032-10-01,440.7
2032-11-01,449.5
2032-12-01,460.5
