price,square_footage,location
244207,1136,Downtown
386686,2202,West End
104766,1027,Southside
405920,2360,Northside
371023,2309,Northside
204427,1002,West End
469484,2618,Downtown
285862,1798,Southside
454063,2689,Downtown
185334,899,Downtown
264527,1230,Southside
334207,1986,West End
171001,1251,Southside
366712,1591,West End
466982,2386,Southside
207638,1147,West End
375138,2427,Southside
262687,1048,Downtown
305961,1220,West End
357944,2210,Northside
421917,2705,Southside
255715,1209,Northside
338643,1520,Downtown
521970,3021,West End
553265,3176,West End
308978,2195,Southside
328170,1873,Northside
309968,1632,West End
368815,2270,Southside
372130,2218,Northside
292731,1507,Northside
252751,854,Downtown
274928,1163,Downtown
501208,3101,Southside
346060,1803,West End
393493,1958,Downtown
341108,1921,West End
489740,2679,West End
190106,955,Northside
227485,998,Southside
363811,1462,Downtown
381615,1968,West End
360813,2411,Southside
318218,1978,Northside
413879,1859,Downtown
545787,3051,West End
243234,1186,Northside
349322,2172,West End
363478,2101,Southside
378713,1936,West End
456232,2739,West End
299209,1441,Downtown
531862,3090,Northside
293954,1596,Northside
362975,2108,Northside
404645,2050,Downtown
442641,2840,Southside
381792,1853,Downtown
284010,1483,Southside
64905,851,Southside
317209,1673,West End
446660,2783,Southside
181445,823,Northside
511248,2951,West End
318263,2103,Northside
230920,1136,Northside
353196,1525,West End
329134,2130,Northside
357250,1557,Downtown
199444,1060,Northside
435005,2399,West End
432583,2414,Downtown
203141,1085,Northside
357626,1475,Downtown
242155,1385,Southside
466334,2383,Northside
476037,2553,Northside
497648,2545,Downtown
535533,3053,Southside
433145,2645,Southside
333035,1569,West End
200093,1058,Northside
444621,2275,Downtown
508922,2999,West End
526543,3141,Southside
184211,1352,Southside
325356,1367,Downtown
177075,889,Northside
276682,1139,West End
417986,2132,West End
426979,2112,Northside
348873,1690,West End
257159,1544,West End
475751,2792,Northside
324960,1904,West End
454152,2740,Northside
617697,3112,Downtown
271081,1561,Southside
188362,1286,Southside
538073,3087,Downtown
426203,2324,West End
285693,1498,Downtown
400281,2293,West End
414940,2036,Downtown
560629,2974,West End
302433,1414,West End
489161,3180,West End
491416,3047,Southside
238276,1233,Northside
207642,1195,Southside
415886,2080,Northside
143688,907,West End
227402,1517,Southside
348547,1844,Northside
447237,3127,Southside
547488,3182,Southside
281316,1163,Downtown
571098,2940,Downtown
230662,1018,Downtown
516948,2597,Downtown
515704,2830,Northside
472376,2938,Southside
224112,1336,Southside
509585,2945,Northside
206190,1078,West End
322549,2045,Southside
384109,1927,Downtown
317992,1558,West End
172210,853,Southside
389459,2653,Southside
255025,1605,Southside
424584,2388,Southside
344212,1784,Downtown
248367,1697,Southside
524754,2927,West End
229362,1026,Northside
408383,2568,Southside
531784,2593,Downtown
336064,1712,Northside
291905,1430,Northside
207483,812,West End
632425,3049,Downtown
515470,3075,Northside
198484,1378,Northside
248908,876,West End
220839,1094,West End
242346,962,Downtown
562512,2795,Downtown
472787,2941,West End
233491,1168,Downtown
418722,2592,West End
211826,1230,Northside
338744,1681,West End
407771,2239,Northside
445128,2528,Northside
416962,2899,Southside
161282,907,Downtown
208636,1271,Southside
224162,1473,Southside
318257,1545,West End
581439,3196,West End
427377,2666,Southside
310999,1569,Northside
537491,3133,Northside
370592,1998,Northside
354170,2002,West End
324967,1841,Northside
273378,1145,Downtown
541281,3043,Northside
207303,833,Downtown
294425,1218,Downtown
291430,1351,Downtown
289324,1470,West End
207866,1116,Southside
80873,843,Southside
382291,2427,Northside
450219,3127,Southside
189252,1092,Downtown
278857,1511,West End
344808,2015,Southside
525483,3026,West End
478164,2466,Downtown
486722,2639,Northside
390056,2195,Southside
322081,1801,Northside
283853,1279,Northside
538389,2875,Downtown
443028,2730,Northside
205468,860,Downtown
390719,2517,Northside
138666,1002,Southside
398229,2574,Southside
465473,2783,Southside
269293,1114,Northside
308890,1841,West End
271820,1097,Downtown
348894,2162,Northside
573426,3027,Downtown
195137,994,Northside
281943,1754,West End
558929,3136,Northside
282760,1522,West End
202118,1117,Northside
283722,1973,Southside
338472,2020,Northside
428442,2391,Northside
300038,1553,West End
554430,3094,West End
373608,2050,Northside
335105,1487,West End
515991,3105,Northside
433794,3020,Southside
406707,1998,West End
168200,859,Northside
389553,2233,Southside
387116,2133,Northside
265091,1155,Downtown
460373,2322,Downtown
540320,2818,Northside
290679,1054,West End
485161,2536,Downtown
225886,1136,Northside
444822,2597,Southside
344560,1806,Downtown
146317,815,Southside
527669,3119,Northside
260107,1198,West End
330804,2231,Southside
153738,1235,Southside
499010,3040,Downtown
410138,2572,Northside
474545,2731,West End
365939,1837,Downtown
421027,1922,West End
438090,2322,Northside
397157,2684,Southside
459546,2833,Southside
163298,842,Northside
407384,2393,Northside
180170,1062,Southside
