actual_price,predicted_price
553265,554220.3216901361
469484,497898.5147967267
475751,482511.24363951664
207642,196673.7765477694
560629,522592.24466124474
289324,287103.9879708851
421027,357875.7246889985
325356,302023.64171185973
185334,228746.71077363615
198484,261114.70443727693
545787,534648.4918455251
300038,300099.68298770685
447237,499175.9786260771
541281,521811.4779674955
348547,334078.48609798675
410138,448064.82311300124
283853,245613.815200345
207638,236530.37965241028
338744,320141.2367485885
322549,329762.21949112427
317992,300882.55618149124
357944,391384.8038830078
397157,429813.4136567757
292731,281312.8328369155
450219,499175.9786260771
418722,462780.7326561135
264527,202153.88890426047
282760,295245.8691862433
163298,177190.69806358492
407771,395925.4684069575
617697,575246.3863426294
153738,202936.7620980449
308978,353248.4153046575
486722,458555.3239097128
305961,247960.3282816631
199444,211323.96931258653
465473,445314.30289370765
404645,408964.1199828143
433145,423707.00274525705
382291,425361.5004932525
330804,358885.10229990544
227402,247090.81022748735
225886,223223.64185811
375138,389573.7314962555
161282,229999.30788369128
353196,295715.5931025139
354170,370401.69578954956
190106,194883.63224311327
