annual_spending,purchase_frequency,age,region
978.42,6,47,East
962.96,4,45,South
3238.75,27,28,North
3198.85,24,37,North
3437.85,32,34,West
6103.17,10,59,North
7067.75,9,55,South
3579.72,29,47,North
851.25,4,48,East
2588.14,27,25,West
599.4,7,52,North
4926.67,7,59,West
3000.53,24,46,West
6416.91,4,61,North
2961.68,32,42,North
5908.58,13,43,West
6156.17,13,40,West
566.68,6,43,West
3366.09,28,28,West
2863.73,24,44,North
3812.73,23,55,East
396.2,5,49,North
6235.03,9,51,East
552.55,5,34,East
5427.35,15,58,South
3739.13,22,41,East
968.76,5,49,South
6933.62,8,51,South
6798.53,9,41,North
2389.75,23,36,South
2793.49,27,40,East
7138.82,14,46,South
630.37,7,34,East
5976.04,12,48,East
906.86,6,41,East
1068.35,4,33,South
5673.3,6,54,West
769.83,5,52,North
745.44,5,40,East
6429.91,9,49,South
5939.73,8,55,East
3284.99,21,39,West
5093.49,13,48,East
1224.9,8,37,South
3721.81,23,30,North
730.66,8,48,North
6039.14,14,57,West
663.71,4,39,East
3414.42,22,45,North
1015.63,5,45,East
6523.02,9,40,East
6664.67,7,50,North
5594.75,11,67,West
5419.95,13,48,West
5844.47,9,54,North
6786.58,9,41,West
2709.46,28,43,East
6101.57,4,50,West
814.07,9,42,North
4332.75,31,37,East
2093.87,19,34,West
2356.1,30,37,North
2473.76,25,26,East
536.73,2,47,East
2406.68,26,36,East
539.5,5,32,North
3884.49,21,31,West
2666.13,21,19,East
3143.59,24,28,West
5189.87,11,51,West
6555.72,7,52,West
3506.91,30,39,North
1009.37,2,36,West
3685.13,33,32,East
517.37,3,35,West
3275.7,30,43,South
531.96,3,33,East
533.03,6,39,South
7876.37,13,54,East
2746.87,28,50,North
2555.83,23,25,South
879.5,5,38,East
5585.25,10,54,South
6680.18,15,59,South
4298.57,33,21,East
531.57,1,25,North
1060.24,4,36,South
383.03,2,48,North
795.04,4,47,East
954.68,5,36,South
7071.04,8,45,East
2813.33,18,31,East
7275.91,6,57,North
1047.68,6,40,East
3199.33,24,22,North
6489.37,11,55,South
332.48,2,37,West
748.34,6,44,South
7105.83,14,53,North
3334.57,27,26,West
568.1,4,36,South
4145.55,19,35,West
1060.49,5,27,East
6607.74,6,53,North
4991.26,13,54,South
5328.6,12,48,West
3212.02,30,38,West
833.88,4,37,North
537.97,3,38,North
1033.05,8,37,North
599.72,3,35,South
1854.3,20,39,North
2802.65,24,31,North
3747.29,23,43,South
7710.21,12,45,West
2445.57,25,35,South
2318.82,31,25,East
6006.6,5,61,West
3833.83,24,29,North
2062.97,14,38,East
931.22,3,45,West
4366.76,21,28,East
677.57,5,44,East
813.12,6,43,West
2802.1,22,34,North
2752.33,33,45,North
6785.32,10,53,East
931.98,8,47,West
768.2,4,48,North
5733.91,7,54,South
730.68,7,36,East
2436.23,32,37,West
1051.92,6,51,South
3247.17,23,31,South
706.77,5,54,South
1858.98,34,41,East
6516.48,8,57,North
702.93,5,38,West
2909.01,27,42,East
2877.74,25,36,South
5501.44,9,56,South
5540.0,12,60,South
715.59,4,41,South
4961.56,13,62,West
621.26,3,35,East
1114.62,3,32,South
3013.02,27,43,North
600.62,7,61,North
2682.32,22,30,North
328.97,1,46,West
6086.08,13,54,South
7030.17,6,38,South
3163.39,17,30,East
341.5,8,37,South
4702.9,11,51,South
1088.22,7,44,West
3543.35,29,37,North
8471.0,13,52,South
580.33,6,44,West
2766.8,29,31,West
7188.97,12,35,North
1028.59,5,60,North
3383.35,19,45,South
570.31,6,35,West
2480.53,25,52,South
6273.32,9,60,East
5606.51,7,59,North
6024.52,4,49,East
628.55,5,43,South
6656.82,17,49,West
4145.23,13,30,West
457.21,1,46,South
730.87,4,33,South
6910.27,7,57,North
3382.08,18,32,North
3506.08,30,41,East
2996.24,22,38,West
5896.29,9,57,East
5196.49,9,47,North
2548.36,23,34,West
824.76,2,26,South
818.07,5,39,North
1000.85,5,49,East
5361.0,10,50,South
3885.55,25,37,East
853.36,4,27,North
8777.0,10,69,South
637.0,5,25,West
6564.62,8,57,East
3526.33,30,28,South
7104.58,13,53,South
7099.77,7,31,West
896.14,7,45,North
740.66,5,36,East
3651.43,25,28,South
715.87,5,41,East
6233.42,13,50,West
6403.28,6,49,South
6860.29,9,53,East
5651.87,11,60,South
6147.71,11,41,West
5366.07,2,55,West
5861.89,11,75,West
751.17,3,36,South
796.52,7,49,South
5035.72,23,29,East
1022.33,8,45,North
737.75,5,34,West
6733.04,7,44,East
5243.81,11,58,North
6472.38,13,51,East
6671.58,11,54,East
5455.35,7,58,South
2954.66,19,33,East
617.34,5,38,East
3906.91,22,42,North
5712.38,15,53,East
570.52,6,32,North
1072.56,1,40,South
2794.25,23,31,East
3224.71,22,35,North
3680.43,16,26,West
2701.23,25,28,West
3270.19,15,44,North
3452.97,24,28,North
2729.96,24,38,East
6350.55,15,57,South
1276.39,2,29,South
5042.26,8,46,South
5037.25,11,51,North
3787.3,21,31,South
7064.43,8,53,West
569.01,6,30,North
6775.12,11,59,South
1110.88,3,54,North
3736.28,24,34,West
887.32,4,46,South
4117.59,26,24,South
5683.0,9,62,North
2877.68,24,34,East
