age,monthly_usage_hours,purchase_amount,customer_service_calls,region,churn
68,21.4,117.07,2,West,0
51,37.5,37.49,3,East,0
43,58.2,58.14,2,East,1
26,15.7,93.86,2,North,1
32,37.7,109.21,1,North,0
72,61.3,118.56,1,West,0
49,9.2,151.6,2,South,0
35,14.8,125.03,0,East,0
42,27.6,264.31,1,South,0
51,26.2,102.33,3,South,0
49,46.2,92.36,0,North,0
58,37.6,193.13,0,West,0
32,7.4,63.78,1,West,1
55,41.7,183.89,1,North,1
43,25.3,157.02,4,South,1
72,53.1,136.85,3,East,0
27,24.6,355.51,3,South,0
26,24.5,105.4,3,East,0
44,42.1,460.89,1,South,0
47,45.4,131.11,1,North,0
58,40.7,73.53,0,South,0
41,8.7,154.23,3,East,0
70,42.1,82.11,4,North,1
45,18.5,98.15,2,West,0
25,37.5,184.63,3,North,1
24,12.6,201.46,2,North,0
74,40.7,105.4,2,East,1
25,21.9,255.46,2,East,0
72,14.8,280.52,4,South,0
34,44.7,327.0,0,South,0
23,37.6,198.58,4,North,0
35,24.8,314.15,0,East,0
53,55.8,52.75,2,South,0
42,27.4,124.61,4,North,1
63,34.5,92.13,3,South,0
53,38.0,158.47,2,West,0
41,24.7,108.39,6,South,1
54,41.1,135.45,3,West,0
74,26.0,417.88,5,South,0
41,27.8,135.19,2,North,0
26,54.4,186.34,3,South,0
41,18.4,130.61,1,South,0
66,3.0,154.72,3,North,0
30,58.2,148.91,3,East,0
73,72.2,189.92,2,South,0
52,27.9,281.72,1,East,0
52,4.9,367.26,1,South,1
36,29.3,175.97,4,South,1
71,29.7,205.25,4,South,0
20,31.2,78.81,0,North,0
35,17.3,141.41,3,East,1
42,42.7,248.93,3,North,1
45,41.9,238.96,2,East,1
45,11.6,166.73,0,West,0
26,44.5,241.66,2,West,1
31,64.8,194.4,3,South,0
23,36.6,287.2,0,South,0
51,28.9,174.02,2,West,1
38,31.9,122.04,2,South,0
50,43.2,178.52,6,South,1
52,8.0,29.61,6,West,1
58,36.5,183.2,2,West,1
49,28.1,25.0,1,West,0
55,61.7,57.52,0,North,0
52,31.4,190.28,4,West,1
55,59.0,192.99,1,North,0
53,17.4,78.31,2,East,0
36,42.8,100.32,3,West,1
32,38.8,315.39,1,East,0
63,21.0,113.73,2,West,1
37,36.7,509.59,2,South,0
49,52.2,148.26,5,South,1
29,29.1,185.75,1,South,0
43,8.6,361.15,4,South,1
48,33.7,159.5,3,East,0
54,20.5,85.52,2,South,1
48,28.9,139.72,2,East,1
38,32.8,145.53,3,South,1
73,8.4,70.06,3,South,1
47,9.8,128.93,0,North,0
64,41.2,98.67,2,East,0
60,26.2,246.76,0,West,0
50,3.0,151.27,4,West,1
69,45.8,127.03,5,South,1
25,38.1,139.99,3,South,0
71,23.3,167.79,4,East,0
67,14.2,208.36,2,East,0
47,46.5,85.64,1,North,0
60,39.2,83.69,2,East,1
48,69.7,272.48,2,North,0
33,40.3,118.3,2,North,1
64,39.8,68.08,3,East,1
32,31.5,189.44,2,North,0
36,46.3,191.49,1,South,0
48,43.4,63.95,1,East,0
66,52.8,168.38,1,East,0
40,26.2,222.42,1,South,1
46,27.5,182.35,4,North,0
20,26.8,210.1,2,West,0
24,45.9,68.56,1,West,0
21,56.5,178.05,1,West,0
22,27.1,125.66,2,East,1
68,27.6,113.8,1,South,0
66,38.7,239.56,2,West,0
65,30.3,334.82,7,South,1
21,48.3,398.18,3,North,1
22,3.0,305.87,0,West,1
34,21.6,139.72,2,South,0
50,22.3,180.19,3,West,1
37,3.0,226.28,6,South,1
46,19.5,158.64,1,West,0
28,20.3,159.48,3,East,1
60,31.0,233.47,1,South,0
36,50.7,143.65,1,South,0
21,30.3,99.37,4,West,1
61,18.5,118.16,2,North,1
70,33.1,210.32,2,South,0
18,49.7,148.66,2,South,0
43,19.4,178.95,2,East,1
65,20.3,214.55,1,South,0
58,42.4,120.76,4,East,0
67,30.7,224.96,0,South,0
42,43.7,182.79,2,North,0
39,33.8,75.25,1,North,0
59,44.5,328.08,1,East,0
26,18.5,112.68,2,South,0
31,33.8,59.72,1,South,1
52,30.8,83.53,3,East,0
56,15.8,84.64,4,South,1
24,10.5,152.73,3,South,1
47,44.3,127.66,1,North,0
39,28.7,123.32,1,South,0
47,18.7,208.69,4,East,0
73,32.6,178.92,1,East,0
22,50.9,176.59,2,West,0
75,3.0,185.94,2,West,0
44,11.6,208.28,0,North,0
62,20.2,46.55,1,South,1
42,55.9,121.46,4,South,1
36,38.2,44.74,1,East,0
62,45.5,151.39,4,South,0
57,16.9,148.04,5,West,1
26,17.2,263.76,4,South,1
58,40.7,285.2,2,East,0
61,34.9,165.92,4,North,1
40,42.2,112.71,3,West,1
71,31.2,193.8,7,West,1
55,38.2,111.01,1,West,0
37,36.4,148.3,2,South,0
18,45.7,255.28,4,North,0
57,46.1,109.2,3,East,1
30,9.7,231.16,1,South,0
61,3.0,215.42,2,West,1
48,49.0,87.78,1,East,1
45,51.8,253.57,2,East,0
27,18.7,217.94,2,West,1
59,6.1,156.97,4,West,0
27,35.5,97.58,2,South,0
42,48.0,92.52,1,North,0
66,61.0,110.42,0,North,1
71,41.7,200.02,5,South,0
75,28.4,87.74,2,East,0
73,20.6,188.79,4,North,1
50,34.2,74.97,4,North,1
29,29.5,132.66,1,East,1
66,18.8,157.64,1,West,0
64,64.7,569.54,1,North,0
75,60.8,69.58,1,East,0
55,51.0,333.49,5,North,1
26,20.2,161.16,2,East,1
47,46.8,186.07,1,West,0
43,43.6,158.39,2,West,0
66,40.6,189.54,2,East,1
40,52.7,136.38,2,East,1
37,43.5,330.21,2,West,0
22,45.1,115.46,3,East,1
66,43.6,276.64,2,South,0
61,39.1,104.13,2,West,0
20,7.2,143.58,3,East,1
43,35.3,82.3,2,West,0
45,25.7,190.62,1,East,0
45,14.8,328.59,3,West,1
71,59.2,142.23,4,North,0
26,59.9,133.18,4,North,0
35,54.4,80.4,4,North,0
28,37.8,130.83,2,East,0
32,54.3,61.8,1,East,0
70,34.2,89.83,0,North,0
72,37.0,168.13,3,North,0
20,17.6,306.57,1,West,0
54,40.0,695.8,2,West,0
31,34.9,107.49,2,East,0
29,14.5,326.82,3,South,1
34,33.2,169.71,4,South,0
29,32.8,136.57,1,North,1
46,61.0,188.28,7,North,1
75,47.4,153.55,3,West,0
52,34.2,157.7,5,South,0
59,37.7,118.56,3,East,1
46,34.7,68.79,2,East,0
18,31.0,63.5,1,South,1
22,17.8,212.57,2,North,1
33,31.7,127.46,2,East,1
32,22.8,106.93,0,North,0
66,15.2,149.11,1,South,0
66,41.7,229.8,2,West,0
67,39.9,163.89,0,East,0
54,7.2,103.46,1,West,0
50,32.2,291.33,2,North,0
55,48.9,353.74,2,North,0
41,49.9,194.81,2,South,0
56,49.4,253.54,2,South,0
64,34.6,293.85,1,North,1
62,21.3,276.32,5,West,1
53,17.7,208.05,2,North,0
21,39.2,206.25,0,East,0
60,39.7,197.51,2,East,0
39,53.3,81.16,4,East,1
61,50.5,218.2,1,North,0
49,32.0,70.41,2,South,1
69,15.3,95.87,0,East,0
37,29.2,303.98,1,South,0
72,37.3,235.6,1,East,0
66,31.0,336.32,4,North,0
37,25.3,127.81,2,North,0
45,37.8,78.75,5,East,1
48,26.4,130.03,4,East,1
62,24.6,156.98,2,North,1
57,38.7,155.0,4,West,0
67,28.0,276.86,3,North,0
39,37.7,121.67,1,West,0
47,38.1,180.12,4,East,1
42,16.9,86.16,4,West,1
70,26.8,190.12,2,West,0
35,55.6,148.67,0,South,0
52,16.6,98.26,2,West,1
24,3.0,130.36,2,North,1
67,6.1,134.12,4,South,1
40,34.4,127.92,2,North,1
37,34.5,393.17,2,South,1
51,32.2,140.59,1,West,0
46,52.2,129.78,0,South,0
67,3.0,46.82,1,North,1
48,39.9,90.76,2,South,1
47,57.4,128.42,1,West,0
24,17.1,101.78,3,East,0
19,28.3,317.33,0,East,0
41,22.7,135.54,2,South,1
75,20.6,301.46,3,South,0
71,29.1,153.54,0,East,0
54,55.4,151.48,2,East,0
54,61.6,141.34,0,West,0
40,29.0,148.72,2,East,0
28,62.6,381.97,3,West,0
18,34.5,41.44,3,West,1
37,60.3,49.36,2,North,0
36,32.6,110.09,2,South,1
29,36.0,149.6,3,South,1
33,39.5,216.93,2,North,0
19,81.7,192.52,0,North,0
53,46.8,120.14,3,West,0
71,23.4,259.95,4,South,1
58,48.5,261.55,3,North,0
43,28.6,164.22,4,South,1
42,26.7,252.01,1,South,1
35,47.6,172.42,1,North,1
26,34.5,108.98,2,North,0
52,38.2,217.85,1,West,0
50,34.2,157.72,3,West,0
18,39.0,148.52,2,South,1
42,40.4,333.66,2,East,0
34,4.9,38.55,1,West,1
27,44.0,68.05,2,West,0
58,19.3,77.25,6,North,1
48,12.4,121.54,1,West,1
54,33.1,129.02,1,North,0
59,35.3,64.78,1,North,1
74,23.6,86.33,2,South,1
64,46.5,92.44,0,East,0
53,13.9,573.4,1,North,0
68,27.9,399.8,0,South,0
45,25.2,118.34,1,South,0
75,33.3,121.51,2,South,0
62,38.2,78.88,1,West,1
55,18.9,51.96,0,South,1
70,44.9,139.17,4,North,1
47,34.9,85.73,3,North,1
59,5.6,141.65,5,North,0
34,4.6,61.55,1,North,0
73,33.8,97.6,2,East,1
54,30.7,161.05,1,South,0
63,32.4,181.53,4,South,0
44,33.6,186.72,2,West,0
68,37.4,71.79,2,East,0
22,48.2,237.48,2,North,0
24,17.3,95.57,3,South,1
47,16.4,210.2,1,South,0
60,17.6,147.55,1,West,0
64,38.3,69.62,2,South,1
43,52.7,124.72,6,North,1
