square_footage,location,price
966,Downtown,377000
3398,Suburb,775000
2974,Suburb,662000
2208,Suburb,559000
2187,Suburb,578000
3698,Suburb,829000
955,Suburb,316000
3126,Downtown,801000
1365,Downtown,464000
984,Rural,207000
2519,Rural,542000
4114,Suburb,898000
3262,Downtown,913000
3352,Rural,753000
3197,Suburb,744000
3441,Suburb,742000
2472,Suburb,543000
1104,Downtown,465000
3631,Downtown,906000
2249,Rural,497000
2426,Suburb,508000
1966,Downtown,617000
1298,Suburb,386000
3940,Suburb,822000
3425,Downtown,836000
2936,Rural,619000
2078,Suburb,517000
3571,Suburb,786000
2586,Suburb,607000
2224,Suburb,532000
2249,Suburb,554000
1456,Suburb,458000
977,Downtown,283000
2619,Suburb,608000
3802,Downtown,935000
876,Suburb,299000
3697,Suburb,807000
3588,Downtown,813000
1632,Downtown,529000
2893,Suburb,742000
1236,Downtown,375000
3341,Rural,721000
3137,Suburb,702000
1908,Suburb,480000
891,Suburb,245000
4096,Downtown,969000
2232,Rural,529000
3821,Suburb,870000
3057,Rural,704000
3414,Downtown,903000
3348,Suburb,775000
1341,Suburb,448000
1942,Rural,437000
2307,Suburb,593000
2417,Suburb,567000
805,Downtown,361000
2590,Suburb,583000
1197,Suburb,389000
3289,Suburb,695000
3075,Downtown,822000
3925,Rural,788000
3294,Rural,725000
1951,Downtown,607000
4085,Suburb,973000
2108,Downtown,636000
1807,Suburb,397000
3865,Downtown,937000
1965,Suburb,444000
921,Suburb,273000
2317,Suburb,624000
3475,Downtown,892000
1322,Rural,272000
2293,Downtown,598000
1111,Downtown,417000
3087,Suburb,655000
2339,Suburb,536000
1822,Rural,409000
1455,Rural,375000
2654,Suburb,650000
3028,Rural,529000
3989,Downtown,976000
2202,Suburb,541000
1220,Downtown,454000
3606,Rural,803000
2886,Downtown,667000
3136,Downtown,776000
995,Suburb,334000
1759,Rural,318000
3376,Rural,753000
3605,Suburb,820000
2195,Rural,503000
3507,Rural,692000
3638,Suburb,845000
2025,Suburb,550000
3839,Suburb,859000
1673,Suburb,448000
1500,Suburb,416000
3073,Downtown,753000
2911,Suburb,667000
1146,Downtown,416000
3607,Rural,751000
1359,Downtown,505000
3508,Downtown,827000
676,Rural,173000
3479,Downtown,928000
3444,Downtown,828000
3421,Suburb,735000
3010,Rural,630000
2324,Downtown,682000
3154,Suburb,720000
1634,Suburb,486000
3422,Rural,736000
2623,Suburb,654000
2279,Downtown,661000
2445,Downtown,767000
2669,Downtown,703000
782,Downtown,269000
1146,Suburb,405000
1521,Downtown,475000
1056,Suburb,325000
2211,Suburb,595000
3023,Suburb,627000
2973,Downtown,717000
2322,Rural,424000
3686,Suburb,787000
2657,Suburb,643000
931,Downtown,404000
3366,Downtown,856000
2690,Rural,502000
2903,Suburb,575000
2657,Suburb,627000
2615,Suburb,597000
971,Suburb,324000
2635,Rural,580000
3472,Downtown,870000
1729,Rural,410000
2790,Downtown,745000
759,Suburb,286000
1883,Suburb,448000
2200,Downtown,615000
4139,Downtown,1000000
1411,Suburb,423000
1632,Rural,344000
2100,Suburb,541000
4174,Rural,832000
3680,Rural,744000
773,Suburb,302000
1480,Rural,247000
3567,Downtown,828000
857,Downtown,306000
3688,Rural,653000
1649,Rural,335000
3908,Downtown,979000
1692,Suburb,430000
2192,Suburb,545000
3000,Rural,666000
1098,Suburb,384000
2628,Suburb,616000
2443,Suburb,641000
3433,Suburb,776000
4187,Suburb,880000
3008,Rural,597000
2103,Suburb,457000
2093,Downtown,565000
2134,Downtown,595000
3540,Suburb,826000
1790,Rural,462000
1242,Downtown,383000
1837,Downtown,571000
730,Suburb,215000
1026,Downtown,420000
969,Rural,229000
3389,Suburb,687000
3215,Downtown,855000
3124,Rural,618000
2290,Downtown,618000
3196,Downtown,767000
1222,Downtown,410000
3848,Downtown,954000
2429,Downtown,659000
