month,date,houses_sold
1,2016-01-01,155
2,2016-02-01,202
3,2016-03-01,211
4,2016-04-01,215
5,2016-05-01,246
6,2016-06-01,252
7,2016-07-01,264
8,2016-08-01,243
9,2016-09-01,249
10,2016-10-01,217
11,2016-11-01,207
12,2016-12-01,224
13,2017-01-01,197
14,2017-02-01,270
15,2017-03-01,248
16,2017-04-01,264
17,2017-05-01,278
18,2017-06-01,306
19,2017-07-01,287
20,2017-08-01,240
21,2017-09-01,277
22,2017-10-01,237
23,2017-11-01,236
24,2017-12-01,212
25,2018-01-01,247
26,2018-02-01,240
27,2018-03-01,268
28,2018-04-01,278
29,2018-05-01,326
30,2018-06-01,333
31,2018-07-01,300
32,2018-08-01,292
33,2018-09-01,273
34,2018-10-01,285
35,2018-11-01,254
36,2018-12-01,251
37,2019-01-01,279
38,2019-02-01,267
39,2019-03-01,291
40,2019-04-01,283
41,2019-05-01,332
42,2019-06-01,357
43,2019-07-01,336
44,2019-08-01,340
45,2019-09-01,291
46,2019-10-01,296
47,2019-11-01,269
48,2019-12-01,279
49,2020-01-01,301
50,2020-02-01,303
51,2020-03-01,294
52,2020-04-01,312
53,2020-05-01,323
54,2020-06-01,359
55,2020-07-01,383
56,2020-08-01,363
57,2020-09-01,299
58,2020-10-01,341
59,2020-11-01,325
60,2020-12-01,283
61,2021-01-01,309
62,2021-02-01,344
63,2021-03-01,351
64,2021-04-01,337
65,2021-05-01,381
66,2021-06-01,342
67,2021-07-01,371
68,2021-08-01,385
69,2021-09-01,355
70,2021-10-01,335
71,2021-11-01,349
72,2021-12-01,349
73,2022-01-01,360
74,2022-02-01,365
75,2022-03-01,385
76,2022-04-01,395
77,2022-05-01,400
78,2022-06-01,403
79,2022-07-01,396
80,2022-08-01,373
81,2022-09-01,365
82,2022-10-01,364
83,2022-11-01,364
84,2022-12-01,381
85,2023-01-01,364
86,2023-02-01,393
87,2023-03-01,410
88,2023-04-01,405
89,2023-05-01,431
90,2023-06-01,423
91,2023-07-01,447
92,2023-08-01,427
93,2023-09-01,386
94,2023-10-01,396
95,2023-11-01,412
96,2023-12-01,381
97,2024-01-01,397
98,2024-02-01,411
99,2024-03-01,401
100,2024-04-01,442
101,2024-05-01,424
102,2024-06-01,442
103,2024-07-01,468
104,2024-08-01,448
105,2024-09-01,426
106,2024-10-01,426
107,2024-11-01,409
108,2024-12-01,409
109,2025-01-01,425
110,2025-02-01,415
111,2025-03-01,444
112,2025-04-01,454
113,2025-05-01,446
114,2025-06-01,463
115,2025-07-01,501
116,2025-08-01,474
117,2025-09-01,435
118,2025-10-01,419
119,2025-11-01,434
120,2025-12-01,459
